[1,["fcgZ0X/RVI/J49AU3PYdoO","cdNFR1s1lG1JhZQONoYZTF","8bfZQBLWNMCYBhWJne+DqM","derewgVK9Ox6N8p1S3uvCa","f9RuSXtp5M6bxYw2J2lO9Z","7aDO7ZCxtDnYk18fAQdtgF"],["_textureSetter"],["cc.SpriteFrame","cc.Texture2D",["cc.AudioClip",["_name","_native","duration"],0],["cc.JsonAsset",["_name","json"],1]],[[2,0,1,2,4],[3,0,1,3]],[[[{"name":"Theroostercrowsevery_morning","rect":[0,0,1024,1536],"offset":[0,0],"originalSize":[1024,1536],"capInsets":[0,0,0,0]}],[0],0,[0],[0],[0]],[[[0,"रमेश_रोज_दूध_पीता_है",".mp3",2.377143],-1],0,0,[],[],[]],[[[0,"मुर्गे_रोज_सुबह_कुकुडुकु_करती_हैं",".mp3",3.213061],-1],0,0,[],[],[]],[[[0,"जया_पाठशाला_में_एक_किताब_पढ़ती_है",".mp3",3.216],-1],0,0,[],[],[]],[[[0,"जया_स्कूल_में_एक_किताब_पढ़ती_है",".mp3",3.108571],-1],0,0,[],[],[]],[[{"name":"Raviplaysa_gamealone","rect":[0,0,1073,1157],"offset":[0,0],"originalSize":[1073,1157],"capInsets":[0,0,0,0]}],[0],0,[0],[0],[1]],[[[1,"hi1307",{"rows":[["createsentence","1","Description","जया/पाठशाला में/एक किताब/पढ़ती है।","","Jerryreadsa_bookat_school_(2).jpg","जया_पाठशाला_में_एक_किताब_पढ़ती_है.mp3"],["createsentence","1","Description","रवि/एक खेल/अकेले/खेलता है।","","Raviplaysa_gamealone.jpg","रवि_एक_खेल_अकेले_खेलता_है.mp3"],["createsentence","1","Description","वे/साथ में/दूध/बेचते हैं।","","The_cowmakesmilk.jpg","वे_साथ_में_दूध_बेचते_हैं.mp3"],["createsentence","1","Description","रमेश/रोज़/दूध/पीता है।","","The_milkisdelicious.jpg","रमेश_रोज_दूध_पीता_है.mp3"],["createsentence","1","Description","हर रात/मेंढक/शोर/करते हैं।","","Thefrogsmakenoiseevery_night.jpg","हर_रात_मेंढक_शोर_करते_हैं.mp3"],["createsentence","1","Description","मुर्गे/रोज़/सुबह/कुकड़ू कू करते है।","","Theroostercrowsevery_morning.jpg","मुर्गे_रोज_सुबह_कुकुडुकु_करते_हैं.mp3"],["quizliteracy","1","Description","image_sentence","जया पाठशाला में एक किताब पढ़ती है।","रवि एक खेल अकेले खेलता है।","जया पाठशाला में एक किताब पढ़ती है।","मुर्गे रोज सुबह कुकड़ू कू करती हैं।","Jerryreadsa_bookat_school_(2).jpg","","जया_पाठशाला_में_एक_किताब_पढ़ती_है.mp3"],["quizliteracy","1","Description","sentence_sentence","रवि एक खेल अकेले खेलता है।","जया पाठशाला में एक किताब पढ़ती है।","रवि एक खेल अकेले खेलता है।","मुर्गे रोज सुबह कुकड़ू कू करती हैं।","","सही चुनें","रवि_एक_खेल_अकेले_खेलता_है.mp3"],["quizliteracy","1","Description","soundonly_image","Jerryreadsa_bookat_school_(2).jpg","Raviplaysa_gamealone.jpg","Jerryreadsa_bookat_school_(2).jpg","Thefrogsmakenoiseevery_night.jpg","","","जया_पाठशाला_में_एक_किताब_पढ़ती_है.mp3"],["quizliteracy","1","Description","soundonly_sentence","मुर्गे रोज सुबह कुकड़ू कू करती हैं।","मुर्गे रोज सुबह कुकड़ू कू करती हैं।","जया पाठशाला में एक किताब पढ़ती है।","रवि एक खेल अकेले खेलता है।","","","मुर्गे_रोज_सुबह_कुकुडुकु_करती_हैं.mp3"]]}]],0,0,[],[],[]],[[[0,"रवि_एक_खेल_अकेले_खेलता_है",".mp3",2.688],-1],0,0,[],[],[]],[[[0,"मुर्गे_रोज_सुबह_कुकुडुकु_करते_हैं",".mp3",2.664],-1],0,0,[],[],[]],[[[0,"हर_रात_मेंढक_शोर_करते_हैं",".mp3",2.586122],-1],0,0,[],[],[]],[["1,9729,9729,33071,33071,0,0,1",-1],[1],0,[],[],[]],[["0,9729,9729,33071,33071,0,0,1",-1],[1],0,[],[],[]],[[{"name":"Thefrogsmakenoiseevery_night","rect":[0,0,1024,1536],"offset":[0,0],"originalSize":[1024,1536],"capInsets":[0,0,0,0]}],[0],0,[0],[0],[2]],[[[0,"वे_साथ_में_दूध_बेचते_हैं",".mp3",2.638367],-1],0,0,[],[],[]],[[{"name":"Jerryreadsa_bookat_school_(2)","rect":[0,0,1024,1536],"offset":[0,0],"originalSize":[1024,1536],"capInsets":[0,0,0,0]}],[0],0,[0],[0],[3]],[["1,9729,9729,33071,33071,0,0,1",-1],[1],0,[],[],[]],[[[0,"रवि_एक_गेम_अकेले_खेलता_है",".mp3",2.795102],-1],0,0,[],[],[]],[["0,9729,9729,33071,33071,0,0,1",-1],[1],0,[],[],[]],[[{"name":"The_cowmakesmilk","rect":[0,0,1024,1024],"offset":[0,0],"originalSize":[1024,1024],"capInsets":[0,0,0,0]}],[0],0,[0],[0],[4]],[["0,9729,9729,33071,33071,0,0,1",-1],[1],0,[],[],[]],[["0,9729,9729,33071,33071,0,0,1",-1],[1],0,[],[],[]],[[{"name":"The_milkisdelicious","rect":[0,0,1073,1157],"offset":[0,0],"originalSize":[1073,1157],"capInsets":[0,0,0,0]}],[0],0,[0],[0],[5]]]]