[1,["c9Rr+YFrZHC6NdKCkXOoiY","11MyAJzkZF0IDXATFW6zio","6dt+D9OXtPbb7gJcIfvE3d","dcXYpicqBCcre8ZYHIm/Q1","3eswi9OKdLWZJsjNpTfyLU","31yMIEkB9ENYnsa56fowWL","1fPoLiBbhPqKpiE+T9kpY7","95DDrFR8hFsZYay0fz/IzE","2e3+2+/uVAZYEksOJUHjEq","c4AwkUOMJCpaDuNGL56h2X","6aerjE+7BKgbwFolh1l38V","cdAGoFVw5Mr7G532qpkITA","70lvj3DktIBrcmnpEQRDLy","1eqZ3/EPVMGqFkWtF8Kntc","c90Lt1UxpPcIYLdosRwrti","a65QqCZqxGjJXYDC2iZrTe","42UvTmZwVCj7fLYanqY7qK","f2mzaPPGdARJrEngQL0TwT","fbvi5hU7dFd47aPDETvBUX","f6dLA9yfBC85f7tIOzHNH7","e1tWjNKzpB4pngCn2Lq8eP","8cF70opGlP0p9aO+xcuHVV","2dYpuB0M9A04hVM4fYwMWu","03ncarhJFASJEcJHUebV+E","ca9kgCVVtPkJeGcJknRTve","1291i4In9Cr6OKF6CCb+fu","76CSY7XGNBdbzwndbBDcET","e9uzUENWVGOI8+hcSAr+7W","07zQgnRA9LALlQCdRdACBI","6cyfiMHlJH5LP3k6bp0uZs","383odMsxVLYb5A5/2c4Kaa","210HttRLRP06TwzfJHO2K/","cfeFg97UhMYLdQCUXAaqFY","2bp8jf/PlDSalT2D0Muq49"],["_textureSetter"],["cc.SpriteFrame","cc.Texture2D",["cc.AudioClip",["_name","_native","duration"],0],["cc.JsonAsset",["_name","json"],1]],[[2,0,1,2,4],[3,0,1,3]],[[[{"name":"stars","rect":[0,0,512,444],"offset":[0,0],"originalSize":[512,444],"capInsets":[0,0,0,0]}],[0],0,[0],[0],[0]],[[{"name":"oxen","rect":[0,0,512,342],"offset":[0,0],"originalSize":[512,342],"capInsets":[0,0,0,0]}],[0],0,[0],[0],[1]],[[{"name":"pencils","rect":[0,0,493,512],"offset":[0,0],"originalSize":[493,512],"capInsets":[0,0,0,0]}],[0],0,[0],[0],[2]],[["0,9729,9729,33071,33071,0,0,1",-1],[1],0,[],[],[]],[[[0,"tooth_teeth",".mp3",1.593469],-1],0,0,[],[],[]],[[{"name":"elephants","rect":[0,0,512,277],"offset":[0,0],"originalSize":[512,277],"capInsets":[0,0,0,0]}],[0],0,[0],[0],[3]],[[[0,"cat_cats",".mp3",2.66449],-1],0,0,[],[],[]],[["0,9729,9729,33071,33071,0,0,1",-1],[1],0,[],[],[]],[[[0,"star_stars",".mp3",2.507755],-1],0,0,[],[],[]],[[{"name":"man","rect":[0,0,512,512],"offset":[0,0],"originalSize":[512,512],"capInsets":[0,0,0,0]}],[0],0,[0],[0],[4]],[["0,9729,9729,33071,33071,0,0,1",-1],[1],0,[],[],[]],[["0,9729,9729,33071,33071,0,0,1",-1],[1],0,[],[],[]],[[[0,"sheep_sheep",".mp3",1.358367],-1],0,0,[],[],[]],[["0,9729,9729,33071,33071,0,0,1",-1],[1],0,[],[],[]],[["0,9729,9729,33071,33071,0,0,1",-1],[1],0,[],[],[]],[[{"name":"cat","rect":[0,0,494,512],"offset":[0,0],"originalSize":[494,512],"capInsets":[0,0,0,0]}],[0],0,[0],[0],[5]],[[[0,"dress_dresses",".mp3",2.403265],-1],0,0,[],[],[]],[["0,9729,9729,33071,33071,0,0,1",-1],[1],0,[],[],[]],[[{"name":"baby","rect":[0,0,512,339],"offset":[0,0],"originalSize":[512,339],"capInsets":[0,0,0,0]}],[0],0,[0],[0],[6]],[["0,9729,9729,33071,33071,0,0,1",-1],[1],0,[],[],[]],[["0,9729,9729,33071,33071,0,0,1",-1],[1],0,[],[],[]],[["0,9729,9729,33071,33071,0,0,1",-1],[1],0,[],[],[]],[["0,9729,9729,33071,33071,0,0,1",-1],[1],0,[],[],[]],[[{"name":"leaves","rect":[0,0,512,357],"offset":[0,0],"originalSize":[512,357],"capInsets":[0,0,0,0]}],[0],0,[0],[0],[7]],[["0,9729,9729,33071,33071,0,0,1",-1],[1],0,[],[],[]],[[[0,"choose_the_right_plural",".mp3",2.037551],-1],0,0,[],[],[]],[["0,9729,9729,33071,33071,0,0,1",-1],[1],0,[],[],[]],[[{"name":"elephant","rect":[0,0,512,342],"offset":[0,0],"originalSize":[512,342],"capInsets":[0,0,0,0]}],[0],0,[0],[0],[8]],[[[0,"leaf_leaves",".mp3",2.194286],-1],0,0,[],[],[]],[["0,9729,9729,33071,33071,0,0,1",-1],[1],0,[],[],[]],[[[0,"cow_cows",".mp3",1.985306],-1],0,0,[],[],[]],[[{"name":"mouse","rect":[0,0,444,512],"offset":[0,0],"originalSize":[444,512],"capInsets":[0,0,0,0]}],[0],0,[0],[0],[9]],[[[1,"sl_en3202",{"rows":[["letterpair","1","Description","image","image","cat.png","cats.png","cat_cats.mp3","cow.png","cows.png","cow_cows.mp3","elephant.png","elephants.png","elephant_elphants.mp3","star.png","stars.png","star_stars.mp3","tooth.png","teeth.png","tooth_teeth.mp3","pencil.png","pencils.png","pencil_pencils.mp3"],["letterpair","1","Description","image","image","man.png","men.png","man_men.mp3","berry.png","berries.png","berry_berries.mp3","moose.png","moose.png","moose_moose.mp3","foot.png","feet.png","foot_feet.mp3","mouse.png","mice.png","mouse_mice.mp3","leaf.png","leaves.png","leaf_leaves.mp3"],["letterpair","1","Description","image","image","woman.png","women.png","woman_women.mp3","sheep.png","sheep.png","sheep_sheep.mp3","dress.png","dresses.png","dress_dresses.mp3","baby.png","babies.png","baby_babies.mp3","ox.png","oxen.png","ox_oxen.mp3","lion.png","lions.png","lion_lions.mp3"],["quizliteracy","1","Description","sentence_sentence","men","men","mans","manies","","man","choose_the_right_plural.mp3"],["quizliteracy","1","Description","sentence_sentence","sheep","sheeps","sheep","sheepies","","sheep","choose_the_right_plural.mp3"],["quizliteracy","1","Description","sentence_sentence","dresses","dressies","dress","dresses","","dress","choose_the_right_plural.mp3"]]}]],0,0,[],[],[]],[[[0,"ox_oxen",".mp3",1.959184],-1],0,0,[],[],[]],[[{"name":"leaf","rect":[0,0,740,740],"offset":[0,0],"originalSize":[740,740],"capInsets":[0,0,0,0]}],[0],0,[0],[0],[10]],[[[0,"baby_babies",".mp3",2.612245],-1],0,0,[],[],[]],[["0,9729,9729,33071,33071,0,0,1",-1],[1],0,[],[],[]],[["0,9729,9729,33071,33071,0,0,1",-1],[1],0,[],[],[]],[["0,9729,9729,33071,33071,0,0,1",-1],[1],0,[],[],[]],[[{"name":"moose","rect":[0,0,512,481],"offset":[0,0],"originalSize":[512,481],"capInsets":[0,0,0,0]}],[0],0,[0],[0],[11]],[[{"name":"woman","rect":[0,0,900,1235],"offset":[0,0],"originalSize":[900,1235],"capInsets":[0,0,0,0]}],[0],0,[0],[0],[12]],[["0,9729,9729,33071,33071,0,0,1",-1],[1],0,[],[],[]],[["0,9729,9729,33071,33071,0,0,1",-1],[1],0,[],[],[]],[[[0,"lion_lions",".mp3",1.306122],-1],0,0,[],[],[]],[[[0,"mouse_mice",".mp3",2.403265],-1],0,0,[],[],[]],[[{"name":"berry","rect":[7,0,465,512],"offset":[-0.5,0],"originalSize":[480,512],"capInsets":[0,0,0,0]}],[0],0,[0],[0],[13]],[[[0,"man_men",".mp3",2.115918],-1],0,0,[],[],[]],[[{"name":"teeth","rect":[0,0,512,391],"offset":[0,0],"originalSize":[512,391],"capInsets":[0,0,0,0]}],[0],0,[0],[0],[14]],[[{"name":"dress","rect":[0,0,411,512],"offset":[0,0],"originalSize":[411,512],"capInsets":[0,0,0,0]}],[0],0,[0],[0],[15]],[["0,9729,9729,33071,33071,0,0,1",-1],[1],0,[],[],[]],[[{"name":"berries","rect":[0,0,512,346],"offset":[0,0],"originalSize":[512,346],"capInsets":[0,0,0,0]}],[0],0,[0],[0],[16]],[[{"name":"feet","rect":[0,0,512,366],"offset":[0,0],"originalSize":[512,366],"capInsets":[0,0,0,0]}],[0],0,[0],[0],[17]],[["0,9729,9729,33071,33071,0,0,1",-1],[1],0,[],[],[]],[[[0,"foot_feet",".mp3",2.089796],-1],0,0,[],[],[]],[[{"name":"babies","rect":[0,0,512,329],"offset":[0,0],"originalSize":[512,329],"capInsets":[0,0,0,0]}],[0],0,[0],[0],[18]],[[{"name":"star","rect":[0,0,512,483],"offset":[0,0],"originalSize":[512,483],"capInsets":[0,0,0,0]}],[0],0,[0],[0],[19]],[[[0,"pencil_pencils",".mp3",2.168163],-1],0,0,[],[],[]],[[[0,"moose_moose",".mp3",1.933061],-1],0,0,[],[],[]],[["0,9729,9729,33071,33071,0,0,1",-1],[1],0,[],[],[]],[[[0,"elephant_elphants",".mp3",2.377143],-1],0,0,[],[],[]],[[{"name":"lion","rect":[0,0,512,457],"offset":[0,0],"originalSize":[512,457],"capInsets":[0,0,0,0]}],[0],0,[0],[0],[20]],[[{"name":"cows","rect":[0,0,512,328],"offset":[0,0],"originalSize":[512,328],"capInsets":[0,0,0,0]}],[0],0,[0],[0],[21]],[[[0,"berry_berries",".mp3",1.906939],-1],0,0,[],[],[]],[[{"name":"tooth","rect":[0,0,883,965],"offset":[0,0],"originalSize":[883,965],"capInsets":[0,0,0,0]}],[0],0,[0],[0],[22]],[[{"name":"foot","rect":[0,0,512,366],"offset":[0,0],"originalSize":[512,366],"capInsets":[0,0,0,0]}],[0],0,[0],[0],[23]],[[{"name":"cow","rect":[0,0,512,512],"offset":[0,0],"originalSize":[512,512],"capInsets":[0,0,0,0]}],[0],0,[0],[0],[24]],[[{"name":"ox","rect":[4,6,502,277],"offset":[-1,-2.5],"originalSize":[512,284],"capInsets":[0,0,0,0]}],[0],0,[0],[0],[25]],[["0,9729,9729,33071,33071,0,0,1",-1],[1],0,[],[],[]],[[{"name":"mice","rect":[0,0,512,475],"offset":[0,0],"originalSize":[512,475],"capInsets":[0,0,0,0]}],[0],0,[0],[0],[26]],[[{"name":"lions","rect":[0,0,512,346],"offset":[0,0],"originalSize":[512,346],"capInsets":[0,0,0,0]}],[0],0,[0],[0],[27]],[["0,9729,9729,33071,33071,0,0,1",-1],[1],0,[],[],[]],[["0,9729,9729,33071,33071,0,0,1",-1],[1],0,[],[],[]],[["0,9729,9729,33071,33071,0,0,1",-1],[1],0,[],[],[]],[["0,9729,9729,33071,33071,0,0,1",-1],[1],0,[],[],[]],[["0,9729,9729,33071,33071,0,0,1",-1],[1],0,[],[],[]],[[{"name":"pencil","rect":[0,0,493,512],"offset":[0,0],"originalSize":[493,512],"capInsets":[0,0,0,0]}],[0],0,[0],[0],[28]],[[{"name":"dresses","rect":[0,0,512,307],"offset":[0,0],"originalSize":[512,307],"capInsets":[0,0,0,0]}],[0],0,[0],[0],[29]],[[{"name":"cats","rect":[0,0,512,461],"offset":[0,0],"originalSize":[512,461],"capInsets":[0,0,0,0]}],[0],0,[0],[0],[30]],[[{"name":"men","rect":[0,0,512,512],"offset":[0,0],"originalSize":[512,512],"capInsets":[0,0,0,0]}],[0],0,[0],[0],[31]],[["0,9729,9729,33071,33071,0,0,1",-1],[1],0,[],[],[]],[["0,9729,9729,33071,33071,0,0,1",-1],[1],0,[],[],[]],[["0,9729,9729,33071,33071,0,0,1",-1],[1],0,[],[],[]],[[{"name":"sheep","rect":[0,0,502,512],"offset":[0,0],"originalSize":[502,512],"capInsets":[0,0,0,0]}],[0],0,[0],[0],[32]],[["0,9729,9729,33071,33071,0,0,1",-1],[1],0,[],[],[]],[[{"name":"women","rect":[0,0,1678,1156],"offset":[0,0],"originalSize":[1678,1156],"capInsets":[0,0,0,0]}],[0],0,[0],[0],[33]],[["0,9729,9729,33071,33071,0,0,1",-1],[1],0,[],[],[]],[[[0,"woman_women",".mp3",2.037551],-1],0,0,[],[],[]],[["0,9729,9729,33071,33071,0,0,1",-1],[1],0,[],[],[]]]]