[1,["34zea/6/9Ch78ECLPczp63","575OqVOjlCUKSPPve7crQd","0f0TR/LSNFmKsmmmVTdHcF","29c9N8G15FDqMEPrjVILRU","c46U7rKodETKbpygkPgYkl","1foluMRdtJdKHgrGj0aFl7","e41u3Nec9C0L9pTvXjsLmP","58TIU+HUtH25Hy+NHHR6S4","b39zachbBCqLMJiB7FfiN2","37dXfTv59E04uyS6vaXGSq","adXp5b6KZMUY08jkuv3qoE","a0L4UZNSxJPY2ZIoVPqCEG","38yR6pTAZK5aHLfYNJ2r63","eeanmRHlhA/qF6dmV/ZXuD","a3svO++XlNhJ35wfYaZhX2","141GSWIiJJTaj3H8RkH+Pl","e1gHJ3Q69Mi5deAKXKE/mC","deJWaesTRJ6oD4pqLUof0H","dcOGssEztChK3JAu8lDx+x","9aHAsAfJBLt5rxAPmIpFMs"],["_textureSetter"],["cc.SpriteFrame","cc.Texture2D",["cc.AudioClip",["_name","_native","duration"],0],["cc.JsonAsset",["_name","json"],1]],[[2,0,1,2,4],[3,0,1,3]],[[[{"name":"garlic","rect":[0,0,640,480],"offset":[0,0],"originalSize":[640,480],"capInsets":[0,0,0,0]}],[0],0,[0],[0],[0]],[[[0,"नथ",".mp3",0.757551],-1],0,0,[],[],[]],[["0,9729,9729,33071,33071,0,0,1",-1],[1],0,[],[],[]],[[[0,"नाग",".mp3",0.757551],-1],0,0,[],[],[]],[[{"name":"basket","rect":[0,0,640,480],"offset":[0,0],"originalSize":[640,480],"capInsets":[0,0,0,0]}],[0],0,[0],[0],[1]],[["0,9729,9729,33071,33071,0,0,1",-1],[1],0,[],[],[]],[[[0,"लेसुण",".mp3",0.984],-1],0,0,[],[],[]],[["0,9729,9729,33071,33071,0,0,1",-1],[1],0,[],[],[]],[[[0,"गवत",".mp3",1.018776],-1],0,0,[],[],[]],[["0,9729,9729,33071,33071,0,0,1",-1],[1],0,[],[],[]],[[[0,"वाघ",".mp3",0.600816],-1],0,0,[],[],[]],[[{"name":"mongoose","rect":[0,0,640,427],"offset":[0,0],"originalSize":[640,427],"capInsets":[0,0,0,0]}],[0],0,[0],[0],[2]],[["0,9729,9729,33071,33071,0,0,1",-1],[1],0,[],[],[]],[["0,9729,9729,33071,33071,0,0,1",-1],[1],0,[],[],[]],[["0,9729,9729,33071,33071,0,0,1",-1],[1],0,[],[],[]],[[{"name":"ginger","rect":[0,0,640,360],"offset":[0,0],"originalSize":[640,360],"capInsets":[0,0,0,0]}],[0],0,[0],[0],[3]],[[{"name":"leaf","rect":[0,0,640,435],"offset":[0,0],"originalSize":[640,435],"capInsets":[0,0,0,0]}],[0],0,[0],[0],[4]],[[[0,"तीन",".mp3",0.783673],-1],0,0,[],[],[]],[["0,9729,9729,33071,33071,0,0,1",-1],[1],0,[],[],[]],[["0,9729,9729,33071,33071,0,0,1",-1],[1],0,[],[],[]],[[{"name":"rose","rect":[0,0,640,480],"offset":[0,0],"originalSize":[640,480],"capInsets":[0,0,0,0]}],[0],0,[0],[0],[5]],[[{"name":"shoe","rect":[0,0,615,352],"offset":[0,0],"originalSize":[615,352],"capInsets":[0,0,0,0]}],[0],0,[0],[0],[6]],[[{"name":"cobra","rect":[0,0,640,480],"offset":[0,0],"originalSize":[640,480],"capInsets":[0,0,0,0]}],[0],0,[0],[0],[7]],[[{"name":"nosering","rect":[0,0,640,475],"offset":[0,0],"originalSize":[640,475],"capInsets":[0,0,0,0]}],[0],0,[0],[0],[8]],[[[0,"पान",".mp3",0.835918],-1],0,0,[],[],[]],[[{"name":"eight","rect":[126,81,394,486],"offset":[3,-4],"originalSize":[640,640],"capInsets":[0,0,0,0]}],[0],0,[0],[0],[9]],[[{"name":"tree","rect":[0,0,561,640],"offset":[-7.5,0],"originalSize":[576,640],"capInsets":[0,0,0,0]}],[0],0,[0],[0],[10]],[[{"name":"house","rect":[0,0,640,512],"offset":[0,0],"originalSize":[640,512],"capInsets":[0,0,0,0]}],[0],0,[0],[0],[11]],[["0,9729,9729,33071,33071,0,0,1",-1],[1],0,[],[],[]],[["0,9729,9729,33071,33071,0,0,1",-1],[1],0,[],[],[]],[["0,9729,9729,33071,33071,0,0,1",-1],[1],0,[],[],[]],[[[0,"टोपलं",".mp3",0.862041],-1],0,0,[],[],[]],[[{"name":"birds_flock","rect":[0,0,640,427],"offset":[0,0],"originalSize":[640,427],"capInsets":[0,0,0,0]}],[0],0,[0],[0],[12]],[["0,9729,9729,33071,33071,0,0,1",-1],[1],0,[],[],[]],[["0,9729,9729,33071,33071,0,0,1",-1],[1],0,[],[],[]],[[[0,"घरटे",".mp3",1.097143],-1],0,0,[],[],[]],[["0,9729,9729,33071,33071,0,0,1",-1],[1],0,[],[],[]],[[[1,"mr1703",{"rows":[["openwindow","1","Description","LEGIT","पा,न","leaf.png","tree.png","पान.mp3","पा,न"],["openwindow","1","Description","LEGIT","ना,ग","cobra.png","mongoose.png","नाग.mp3","ना,ग"],["openwindow","1","Description","LEGIT","ग,व,त","grass.png","rose.png","गवत.mp3","ग,व,त"],["openwindow","1","Description","LEGIT","ती,न","three.png","eight.png","तीन.mp3","ती,न"],["openwindow","1","Description","LEGIT","न,थ","nosering.png","shoe.png","नथ.mp3","न,थ"],["openwindow","1","Description","LEGIT","थ,वा","birds_flock.png","elephant.png","थवा.mp3","थ,वा"],["openwindow","1","Description","LEGIT","वा,घ","tiger.png","cow.png","वाघ.mp3","वा,घ"],["openwindow","1","Description","LEGIT","घ,र,टे","nest.png","house.png","घरटे.mp3","घ,र,टे"],["openwindow","1","Description","LEGIT","टो,प,लं","basket.png","suitcase.png","टोपलं.mp3","टो,प,लं"],["openwindow","1","Description","LEGIT","ले,सु,ण","garlic.png","ginger.png","लेसुण.mp3","ले,सु,ण"],["quizliteracy","1","Description","image_word","गवत","लेसुण","वाघ","गवत","grass.png"],["quizliteracy","1","Description","image_word","वाघ","वाघ","गवत","लेसुण","tiger.png"],["quizliteracy","1","Description","image_word","लेसुण","गवत","लेसुण","वाघ","garlic.png"]]}]],0,0,[],[],[]],[[{"name":"suitcase","rect":[0,0,640,427],"offset":[0,0],"originalSize":[640,427],"capInsets":[0,0,0,0]}],[0],0,[0],[0],[13]],[[{"name":"nest","rect":[0,0,640,480],"offset":[0,0],"originalSize":[640,480],"capInsets":[0,0,0,0]}],[0],0,[0],[0],[14]],[[{"name":"elephant","rect":[0,0,640,480],"offset":[0,0],"originalSize":[640,480],"capInsets":[0,0,0,0]}],[0],0,[0],[0],[15]],[[{"name":"cow","rect":[0,0,640,427],"offset":[0,0],"originalSize":[640,427],"capInsets":[0,0,0,0]}],[0],0,[0],[0],[16]],[["0,9729,9729,33071,33071,0,0,1",-1],[1],0,[],[],[]],[[{"name":"tiger","rect":[0,0,512,279],"offset":[0,0],"originalSize":[512,279],"capInsets":[0,0,0,0]}],[0],0,[0],[0],[17]],[["0,9729,9729,33071,33071,0,0,1",-1],[1],0,[],[],[]],[["0,9729,9729,33071,33071,0,0,1",-1],[1],0,[],[],[]],[["0,9729,9729,33071,33071,0,0,1",-1],[1],0,[],[],[]],[[[0,"थवा",".mp3",0.705306],-1],0,0,[],[],[]],[[{"name":"three","rect":[194,136,310,426],"offset":[29,-29],"originalSize":[640,640],"capInsets":[0,0,0,0]}],[0],0,[0],[0],[18]],[["0,9729,9729,33071,33071,0,0,1",-1],[1],0,[],[],[]],[[{"name":"grass","rect":[0,0,640,427],"offset":[0,0],"originalSize":[640,427],"capInsets":[0,0,0,0]}],[0],0,[0],[0],[19]],[[[0,"लसुन",".mp3",0.809796],-1],0,0,[],[],[]]]]