[1,["eeNOxXB9lA673HzZXW+xr0","c16KCoRn1FtbdgM8NPY7eK","ceb5/z+gVKNZVJlbaMbSNO","7fUC5BUCdObarsOKEpzvVJ","d48PcD21hECYK4BIHwmvTP","1fqbMLLcpCerVcCXpaJQAH","a3dFqs6ZNJh5Fvo28lrju0","a8ooLEU5FIALAYH0q55ReP","4c6YwrsV9ByqWf3ZW3G//Z","fe+IrkgRBHzKVdaZIinizT","9aC5VWrTZAn4ln6PO4XShk","76EpvKhCxIhZ7Z8CMaU+2U","18ujD+JgpGR7tZpUj3TjVX","f0bdxpUndBXriliQD1yuQh","84duKKV5BFuqvOJbLJulO7","268gQePYBHS7QCps/AO/FA","19hEAfumtINq948BVSOWyU","aaA3NTJ4pGoq03l4265CT8","82TdDnHBVNobbR2zfvEVyX","66AsJNmrBHvo1Xw+RVoji0","1d8xdEYmJD27f38ZxEp20c","aa0nz+aPxN2KqdMPERFTHg","17J5Lnx7tMfKZBx7DbOw8U"],["_textureSetter"],["cc.Texture2D","cc.SpriteFrame",["cc.AudioClip",["_name","_native","duration"],0],["cc.JsonAsset",["_name","json"],1]],[[2,0,1,2,4],[3,0,1,3]],[[[[0,"ಜಗ",".mp3",0.672],-1],0,0,[],[],[]],[[[0,"ವನಜ",".mp3",0.72],-1],0,0,[],[],[]],[["0,9729,9729,33071,33071,0,0,1",-1],[0],0,[],[],[]],[["0,9729,9729,33071,33071,0,0,1",-1],[0],0,[],[],[]],[["0,9729,9729,33071,33071,0,0,1",-1],[0],0,[],[],[]],[[[1,"kn0103",{"rows":[["openwindow","1","Description","LEGIT","ಜ,ನ","people.png","animals.png","ಜನ.mp3","ಜ,ನ"],["openwindow","1","Description","LEGIT","ವ,ನ","mini forest.png","sea.png","ವನ.mp3","ವ,ನ"],["openwindow","1","Description","LEGIT","ಮ,ರ","tree.png","stone.png","ಮರ.mp3","ಮ,ರ"],["openwindow","1","Description","LEGIT","ಬ,ನ","garden.png","building.png","ಬನ.mp3","ಬ,ನ"],["openwindow","1","Description","LEGIT","ನ,ಗ,ರ","city.png","forest.png","ನಗರ.mp3","ನ,ಗ,ರ"],["openwindow","1","Description","LEGIT","ವ,ರ","boon.png","man.png","ವರ.mp3","ವ,ರ"],["openwindow","1","Description","LEGIT","ನ,ರ","man.png","girl.png","ನರ.mp3","ನ,ರ"],["openwindow","1","Description","LEGIT","ಜ,ಗ","world.png","pond.png","ಜಗ.mp3","ಜ,ಗ"],["openwindow","1","Description","LEGIT","ವ,ನ,ಜ","lotus.png","rose.png","ವನಜ.mp3","ವ,ನ,ಜ"],["openwindow","1","Description","LEGIT","ಮ,ಗ","son.png","daughter.png","ಮಗ.mp3","ಮ,ಗ"],["openwindow","1","Description","LEGIT","ಬ,ಸ,ವ","bull.png","elephant.png","ಬಸವ.mp3","ಬ,ಸ,ವ"],["openwindow","1","Description","LEGIT","ನ,ಗ","money.png","fruits.png","ನಗ.mp3","ನ,ಗ"],["quizliteracy","1","Description","image_word","ವನಜ","ವನಜ","ಮಗ","ಬಸವ","lotus.png"],["quizliteracy","1","Description","image_word","ಮಗ","ಬಸವ","ವನಜ","ಮಗ","son.png"],["quizliteracy","1","Description","image_word","ಬಸವ","ಮಗ","ಬಸವ","ವನಜ","bull.png"]]}]],0,0,[],[],[]],[["0,9729,9729,33071,33071,0,0,1",-1],[0],0,[],[],[]],[["0,9729,9729,33071,33071,0,0,1",-1],[0],0,[],[],[]],[["0,9729,9729,33071,33071,0,0,1",-1],[0],0,[],[],[]],[[[0,"ನಗ",".mp3",0.624],-1],0,0,[],[],[]],[[[0,"ಬಸವ",".mp3",0.744],-1],0,0,[],[],[]],[[{"name":"girl","rect":[0,0,500,333],"offset":[0,0],"originalSize":[500,333],"capInsets":[0,0,0,0]}],[1],0,[0],[0],[0]],[["0,9729,9729,33071,33071,0,0,1",-1],[0],0,[],[],[]],[[{"name":"money","rect":[0,0,512,378],"offset":[0,0],"originalSize":[512,378],"capInsets":[0,0,0,0]}],[1],0,[0],[0],[1]],[[{"name":"rose","rect":[0,0,500,334],"offset":[0,0],"originalSize":[500,334],"capInsets":[0,0,0,0]}],[1],0,[0],[0],[2]],[["0,9729,9729,33071,33071,0,0,1",-1],[0],0,[],[],[]],[[{"name":"man","rect":[0,0,400,500],"offset":[0,0],"originalSize":[400,500],"capInsets":[0,0,0,0]}],[1],0,[0],[0],[3]],[[{"name":"animals","rect":[0,0,512,426],"offset":[0,0],"originalSize":[512,426],"capInsets":[0,0,0,0]}],[1],0,[0],[0],[4]],[[[0,"ಮಗ",".mp3",0.6],-1],0,0,[],[],[]],[[[0,"ನರ",".mp3",0.576],-1],0,0,[],[],[]],[[[0,"ವರ",".mp3",0.576],-1],0,0,[],[],[]],[["0,9729,9729,33071,33071,0,0,1",-1],[0],0,[],[],[]],[[[0,"ವನ",".mp3",0.576],-1],0,0,[],[],[]],[[{"name":"tree","rect":[0,0,512,378],"offset":[0,0],"originalSize":[512,378],"capInsets":[0,0,0,0]}],[1],0,[0],[0],[5]],[[{"name":"garden","rect":[0,0,512,341],"offset":[0,0],"originalSize":[512,341],"capInsets":[0,0,0,0]}],[1],0,[0],[0],[6]],[["0,9729,9729,33071,33071,0,0,1",-1],[0],0,[],[],[]],[[{"name":"boon","rect":[0,0,512,342],"offset":[0,0],"originalSize":[512,342],"capInsets":[0,0,0,0]}],[1],0,[0],[0],[7]],[["0,9729,9729,33071,33071,0,0,1",-1],[0],0,[],[],[]],[["0,9729,9729,33071,33071,0,0,1",-1],[0],0,[],[],[]],[[{"name":"city","rect":[0,0,512,378],"offset":[0,0],"originalSize":[512,378],"capInsets":[0,0,0,0]}],[1],0,[0],[0],[8]],[[[0,"ಬನ",".mp3",0.6],-1],0,0,[],[],[]],[[{"name":"fruits","rect":[0,0,500,333],"offset":[0,0],"originalSize":[500,333],"capInsets":[0,0,0,0]}],[1],0,[0],[0],[9]],[[{"name":"pond","rect":[0,0,512,289],"offset":[0,0],"originalSize":[512,289],"capInsets":[0,0,0,0]}],[1],0,[0],[0],[10]],[["0,9729,9729,33071,33071,0,0,1",-1],[0],0,[],[],[]],[["0,9729,9729,33071,33071,0,0,1",-1],[0],0,[],[],[]],[[{"name":"elephant","rect":[0,0,332,500],"offset":[0,0],"originalSize":[332,500],"capInsets":[0,0,0,0]}],[1],0,[0],[0],[11]],[[{"name":"mini forest","rect":[0,0,512,341],"offset":[0,0],"originalSize":[512,341],"capInsets":[0,0,0,0]}],[1],0,[0],[0],[12]],[["0,9729,9729,33071,33071,0,0,1",-1],[0],0,[],[],[]],[["0,9729,9729,33071,33071,0,0,1",-1],[0],0,[],[],[]],[["0,9729,9729,33071,33071,0,0,1",-1],[0],0,[],[],[]],[[{"name":"bull","rect":[0,0,512,288],"offset":[0,0],"originalSize":[512,288],"capInsets":[0,0,0,0]}],[1],0,[0],[0],[13]],[[{"name":"forest","rect":[0,0,512,378],"offset":[0,0],"originalSize":[512,378],"capInsets":[0,0,0,0]}],[1],0,[0],[0],[14]],[[{"name":"son","rect":[0,0,341,512],"offset":[0,0],"originalSize":[341,512],"capInsets":[0,0,0,0]}],[1],0,[0],[0],[15]],[[{"name":"building","rect":[0,0,512,341],"offset":[0,0],"originalSize":[512,341],"capInsets":[0,0,0,0]}],[1],0,[0],[0],[16]],[["0,9729,9729,33071,33071,0,0,1",-1],[0],0,[],[],[]],[[[0,"ಮರ",".mp3",0.576],-1],0,0,[],[],[]],[[{"name":"sea","rect":[41,59,718,508],"offset":[0,4],"originalSize":[800,634],"capInsets":[0,0,0,0]}],[1],0,[0],[0],[17]],[["0,9729,9729,33071,33071,0,0,1",-1],[0],0,[],[],[]],[[{"name":"people","rect":[0,0,512,337],"offset":[0,0],"originalSize":[512,337],"capInsets":[0,0,0,0]}],[1],0,[0],[0],[18]],[["0,9729,9729,33071,33071,0,0,1",-1],[0],0,[],[],[]],[[{"name":"world","rect":[0,0,512,340],"offset":[0,0],"originalSize":[512,340],"capInsets":[0,0,0,0]}],[1],0,[0],[0],[19]],[[[0,"ಜನ",".mp3",0.624],-1],0,0,[],[],[]],[[{"name":"stone","rect":[0,0,341,512],"offset":[0,0],"originalSize":[341,512],"capInsets":[0,0,0,0]}],[1],0,[0],[0],[20]],[["0,9729,9729,33071,33071,0,0,1",-1],[0],0,[],[],[]],[["0,9729,9729,33071,33071,0,0,1",-1],[0],0,[],[],[]],[[{"name":"lotus","rect":[0,0,500,333],"offset":[0,0],"originalSize":[500,333],"capInsets":[0,0,0,0]}],[1],0,[0],[0],[21]],[[{"name":"daughter","rect":[0,0,512,341],"offset":[0,0],"originalSize":[512,341],"capInsets":[0,0,0,0]}],[1],0,[0],[0],[22]],[[[0,"ನಗರ",".mp3",0.696],-1],0,0,[],[],[]],[["0,9729,9729,33071,33071,0,0,1",-1],[0],0,[],[],[]]]]