[1,["36QMRq2aRAJ6N5/Z8zHyMD","ffk51OnT9E4p1Jas3i6A+u","6euknjZhhIH7MLvVDQkIuv","c6F1yDLSlIMqWvbXeyCjaI","bdPpGwzBtPipjCnHUPrS7U","1d8gS52+NLF5PSdP8KrlbU","12TfYdAV5Dw4sVlsYDh923","65elgYEX1N6JCHHRX16aa6","80IBge29RFmIy75aRai+ED","38Cw9KJRpCMJ1uHCXXsSNQ","c0Bn43ZG5FN4dHQXfwVSxO","29EgJAs5lONpk0E+2EOoVr","cc2X4nFw1C2b5I8osvShGo","91UXjyWEFEWaRWgyGtjR4r"],["_textureSetter"],["cc.Texture2D","cc.SpriteFrame",["cc.AudioClip",["_name","_native","duration"],0],["cc.JsonAsset",["_name","json"],1]],[[2,0,1,2,4],[3,0,1,3]],[[[[0,"5_Leone_coin",".mp3",1.227755],-1],0,0,[],[],[]],[["0,9729,9729,33071,33071,0,0,1",-1],[0],0,[],[],[]],[[{"name":"100note","rect":[0,0,600,552],"offset":[0,0],"originalSize":[600,552],"capInsets":[0,0,0,0]}],[1],0,[0],[0],[0]],[[[0,"2000_Leones",".mp3",1.906939],-1],0,0,[],[],[]],[["0,9729,9729,33071,33071,0,0,1",-1],[0],0,[],[],[]],[[[0,"50_Leones",".mp3",1.593469],-1],0,0,[],[],[]],[["0,9729,9729,33071,33071,0,0,1",-1],[0],0,[],[],[]],[[[0,"25_cent",".mp3",2.194286],-1],0,0,[],[],[]],[[[0,"10_cent",".mp3",1.515102],-1],0,0,[],[],[]],[["0,9729,9729,33071,33071,0,0,1",-1],[0],0,[],[],[]],[["0,9729,9729,33071,33071,0,0,1",-1],[0],0,[],[],[]],[[{"name":"50cent","rect":[0,0,362,365],"offset":[0,0],"originalSize":[362,365],"capInsets":[0,0,0,0]}],[1],0,[0],[0],[1]],[[[0,"50_cent",".mp3",1.38449],-1],0,0,[],[],[]],[[{"name":"10note","rect":[0,0,600,552],"offset":[0,0],"originalSize":[600,552],"capInsets":[0,0,0,0]}],[1],0,[0],[0],[2]],[[[1,"sl_en3700",{"rows":[["picturemeaning","1","Description","S","Le5","5note.png","5_Leone.mp3","Le10","10note.png","10_Leones.mp3","Le20","20note.png","20_Leones.mp3"],["picturemeaning","1","Description","S","Le10","10note.png","10_Leones.mp3","Le50","50note.png","50_Leones.mp3","Le100","100note.png","100_Leones.mp3"],["picturemeaning","1","Description","S","Le50","50note.png","50_Leones.mp3","Le100","100note.png","100_Leones.mp3","Le200","20note.png","20_Leones.mp3"],["picturemeaning","1","Description","S","50 cent","50cent.png","50_cent.mp3","1 Leone","1Leone.png","1_Leone.mp3","5 Leone","5Leone.png","5_Leone_coin.mp3"],["picturemeaning","1","Description","S","5 Leone","5Leone.png","5_Leone.mp3","50 cent","50cent.png","50_cent.mp3","2 Leone","2Leone.png","2_Leone.mp3"],["picturemeaning","1","Description","S","25 cent","25cent.png","25_cent.mp3","10 cent","10cent.png","10_cent.mp3","5 Leone","5Leone.png","5_Leone.mp3"],["picturemeaning","1","Description","S","Le500","500note.png","500_Leones.mp3","Le2000","2000note.png","2000_Leones.mp3","Le100","100note.png","100_Leones.mp3"],["quizliteracy","1","Description","soundonly_image","50cent.png","25cent.png","50cent.png","10cent.png","","","50_cent.mp3"],["quizliteracy","1","Description","image_word","Le5","50 cent","Le50","Le5","5Leone.png"],["quizliteracy","1","Description","soundonly_image","100note.png","100note.png","2000note.png","10note.png","","","100_Leones.mp3"]]}]],0,0,[],[],[]],[[{"name":"500note","rect":[0,0,223,226],"offset":[0,0],"originalSize":[223,226],"capInsets":[0,0,0,0]}],[1],0,[0],[0],[3]],[[[0,"2_Leone",".mp3",0.888163],-1],0,0,[],[],[]],[["1,9729,9729,33071,33071,0,0,1",-1],[0],0,[],[],[]],[[{"name":"50note","rect":[0,0,322,156],"offset":[0,0],"originalSize":[322,156],"capInsets":[0,0,0,0]}],[1],0,[0],[0],[4]],[["0,9729,9729,33071,33071,0,0,1",-1],[0],0,[],[],[]],[[{"name":"5Leone","rect":[0,0,311,162],"offset":[0,0],"originalSize":[311,162],"capInsets":[0,0,0,0]}],[1],0,[0],[0],[5]],[[{"name":"2Leone","rect":[0,0,800,800],"offset":[0,0],"originalSize":[800,800],"capInsets":[0,0,0,0]}],[1],0,[0],[0],[6]],[["0,9729,9729,33071,33071,0,0,1",-1],[0],0,[],[],[]],[[{"name":"10","rect":[0,0,317,159],"offset":[0,0],"originalSize":[317,159],"capInsets":[0,0,0,0]}],[1],0,[0],[0],[7]],[[{"name":"2000note","rect":[0,0,225,224],"offset":[0,0],"originalSize":[225,224],"capInsets":[0,0,0,0]}],[1],0,[0],[0],[8]],[["0,9729,9729,33071,33071,0,0,1",-1],[0],0,[],[],[]],[[[0,"5_Leone",".mp3",0.809796],-1],0,0,[],[],[]],[[[0,"20_Leones",".mp3",1.985306],-1],0,0,[],[],[]],[[[0,"500_Leones",".mp3",1.854694],-1],0,0,[],[],[]],[[[0,"1_Leone",".mp3",0.809796],-1],0,0,[],[],[]],[[[0,"100_Leones",".mp3",1.906939],-1],0,0,[],[],[]],[[{"name":"20note","rect":[0,0,472,435],"offset":[0,0],"originalSize":[472,435],"capInsets":[0,0,0,0]}],[1],0,[0],[0],[9]],[["0,9729,9729,33071,33071,0,0,1",-1],[0],0,[],[],[]],[["0,9729,9729,33071,33071,0,0,1",-1],[0],0,[],[],[]],[["0,9729,9729,33071,33071,0,0,1",-1],[0],0,[],[],[]],[[[0,"10_Leones",".mp3",1.227755],-1],0,0,[],[],[]],[["0,9729,9729,33071,33071,0,0,1",-1],[0],0,[],[],[]],[[{"name":"1Leone","rect":[0,0,227,222],"offset":[0,0],"originalSize":[227,222],"capInsets":[0,0,0,0]}],[1],0,[0],[0],[10]],[[{"name":"5note","rect":[0,0,500,500],"offset":[0,0],"originalSize":[500,500],"capInsets":[0,0,0,0]}],[1],0,[0],[0],[11]],[[{"name":"10cent","rect":[0,0,2000,2000],"offset":[0,0],"originalSize":[2000,2000],"capInsets":[0,0,0,0]}],[1],0,[0],[0],[12]],[[{"name":"25cent","rect":[0,0,604,604],"offset":[0,0],"originalSize":[604,604],"capInsets":[0,0,0,0]}],[1],0,[0],[0],[13]],[["0,9729,9729,33071,33071,0,0,1",-1],[0],0,[],[],[]]]]