[1,["eb/mu99GFOb55VFwtv4QNT","33tW03kGZHy6JKC2ThGBor","a1YqlgwhROKank2zv5E6b5","d5ms21H6RGg70/lqJwrLtV","06e3ZzAUxPHIGdiH77ov/s","fbloFc2AlCm6Nd300ELv5b","3ddIvLy6hMgIlUxBXYbxF0","9akAOBbk9CF7KVWPc5lvBp","beN4hgrs5HcK89N58WUIMA","1aILKczdBOWJ5XZizRbvvE","05bj1T5utGr7E7vbAvlKxE","fdCzxIQZVJXa3fP0S/Q8u1","0dmfHKMRBMo6n3ZRIzaTmB","57oO3RzWBMDKfOAv9OBczL","70Lc7umytCMalJrOzDhuR6","42P3/AmlZKhK8h0meq8b0h","69UKg1tqhDfYL2Yu+fsAvS","e1/URc0adAUovN0aegz6M4"],["_textureSetter"],["cc.Texture2D","cc.SpriteFrame",["cc.AudioClip",["_name","_native","duration"],0],["cc.JsonAsset",["_name","json"],1]],[[2,0,1,2,4],[3,0,1,3]],[[[[0,"फळा",".mp3",0.835918],-1],0,0,[],[],[]],[["0,9729,9729,33071,33071,0,0,1",-1],[0],0,[],[],[]],[["0,9729,9729,33071,33071,0,0,1",-1],[0],0,[],[],[]],[[[0,"शहामृग",".mp3",1.018776],-1],0,0,[],[],[]],[["0,9729,9729,33071,33071,0,0,1",-1],[0],0,[],[],[]],[[[0,"सायकल",".mp3",1.149388],-1],0,0,[],[],[]],[[{"name":"giraffe","rect":[2,0,603,638],"offset":[0,1],"originalSize":[607,640],"capInsets":[0,0,0,0]}],[1],0,[0],[0],[0]],[[{"name":"fair","rect":[0,0,640,427],"offset":[0,0],"originalSize":[640,427],"capInsets":[0,0,0,0]}],[1],0,[0],[0],[1]],[[[0,"ओम",".mp3",0.783673],-1],0,0,[],[],[]],[["0,9729,9729,33071,33071,0,0,1",-1],[0],0,[],[],[]],[[{"name":"flower","rect":[0,0,480,640],"offset":[0,0],"originalSize":[480,640],"capInsets":[0,0,0,0]}],[1],0,[0],[0],[2]],[[{"name":"dam","rect":[0,0,640,480],"offset":[0,0],"originalSize":[640,480],"capInsets":[0,0,0,0]}],[1],0,[0],[0],[3]],[[[0,"यज्ञ",".mp3",1.123265],-1],0,0,[],[],[]],[[{"name":"ostrich","rect":[0,0,640,483],"offset":[0,0],"originalSize":[640,483],"capInsets":[0,0,0,0]}],[1],0,[0],[0],[4]],[[[0,"फणस",".mp3",1.044898],-1],0,0,[],[],[]],[[[0,"धबधबा",".mp3",1.097143],-1],0,0,[],[],[]],[[{"name":"ship","rect":[0,0,640,426],"offset":[0,0],"originalSize":[640,426],"capInsets":[0,0,0,0]}],[1],0,[0],[0],[5]],[[{"name":"leg","rect":[122,0,475,640],"offset":[61,0],"originalSize":[597,640],"capInsets":[0,0,0,0]}],[1],0,[0],[0],[6]],[["0,9729,9729,33071,33071,0,0,1",-1],[0],0,[],[],[]],[["0,9729,9729,33071,33071,0,0,1",-1],[0],0,[],[],[]],[[{"name":"stream","rect":[0,0,640,494],"offset":[0,0],"originalSize":[640,494],"capInsets":[0,0,0,0]}],[1],0,[0],[0],[7]],[[[0,"शेतकरी",".mp3",0.992653],-1],0,0,[],[],[]],[["0,9729,9729,33071,33071,0,0,1",-1],[0],0,[],[],[]],[[{"name":"goat","rect":[0,0,640,478],"offset":[0,0],"originalSize":[640,478],"capInsets":[0,0,0,0]}],[1],0,[0],[0],[8]],[[[0,"ओघ",".mp3",0.626939],-1],0,0,[],[],[]],[["0,9729,9729,33071,33071,0,0,1",-1],[0],0,[],[],[]],[[{"name":"bicycle","rect":[42,24,580,339],"offset":[12,-8],"originalSize":[640,371],"capInsets":[0,0,0,0]}],[1],0,[0],[0],[9]],[[{"name":"board","rect":[0,0,640,427],"offset":[0,0],"originalSize":[640,427],"capInsets":[0,0,0,0]}],[1],0,[0],[0],[10]],[["0,9729,9729,33071,33071,0,0,1",-1],[0],0,[],[],[]],[["0,9729,9729,33071,33071,0,0,1",-1],[0],0,[],[],[]],[[{"name":"lips","rect":[0,0,640,372],"offset":[0,0],"originalSize":[640,372],"capInsets":[0,0,0,0]}],[1],0,[0],[0],[11]],[[{"name":"om","rect":[0,0,640,426],"offset":[0,0],"originalSize":[640,426],"capInsets":[0,0,0,0]}],[1],0,[0],[0],[12]],[[[0,"मधमाशी",".mp3",0.914286],-1],0,0,[],[],[]],[["0,9729,9729,33071,33071,0,0,1",-1],[0],0,[],[],[]],[[[0,"शेळी",".mp3",0.835918],-1],0,0,[],[],[]],[[{"name":"honeybee","rect":[0,0,640,640],"offset":[0,0],"originalSize":[640,640],"capInsets":[0,0,0,0]}],[1],0,[0],[0],[13]],[["0,9729,9729,33071,33071,0,0,1",-1],[0],0,[],[],[]],[[[0,"पाय",".mp3",0.679184],-1],0,0,[],[],[]],[[[0,"जहाज",".mp3",0.809796],-1],0,0,[],[],[]],[[{"name":"waterfalls","rect":[0,0,640,426],"offset":[0,0],"originalSize":[640,426],"capInsets":[0,0,0,0]}],[1],0,[0],[0],[14]],[[[0,"ओठ",".mp3",0.653061],-1],0,0,[],[],[]],[[{"name":"farmer","rect":[0,0,640,478],"offset":[0,0],"originalSize":[640,478],"capInsets":[0,0,0,0]}],[1],0,[0],[0],[15]],[[[1,"mr1503",{"rows":[["writecard","1","Description","ध","धरण","dam.png","धरण.mp3","मधमाशी","honeybee.png","मधमाशी.mp3","धबधबा","waterfalls.png","धबधबा.mp3"],["writecard","1","Description","य","यज्ञ","yajna.png","यज्ञ.mp3","पाय","leg.png","पाय.mp3","सायकल","bicycle.png","सायकल.mp3"],["writecard","1","Description","फ","फळा","board.png","फळा.mp3","फणस","jackfruit.png","फणस.mp3","फुल","flower.png","फुल.mp3"],["writecard","1","Description","ओ","ओठ","lips.png","ओठ.mp3","ओम","om.png","ओम.mp3","ओघ","stream.png","ओघ.mp3"],["writecard","1","Description","ज","जहाज","ship.png","जहाज.mp3","जिराफ","giraffe.png","जिराफ.mp3","जत्रा","fair.png","जत्रा.mp3"],["writecard","1","Description","श","शहामृग","ostrich.png","शहामृग.mp3","शेतकरी","farmer.png","शेतकरी.mp3","शेळी","goat.png","शेळी.mp3"],["quizliteracy","1","Description","soundonly_image","lips.png","lips.png","leg.png","jackfruit.png","","","ओठ.mp3"],["quizliteracy","1","Description","soundonly_image","leg.png","jackfruit.png","lips.png","leg.png","","","पाय.mp3"],["quizliteracy","1","Description","soundonly_image","jackfruit.png","leg.png","jackfruit.png","lips.png","","","फणस.mp3"]]}]],0,0,[],[],[]],[[[0,"जत्रा",".mp3",0.940408],-1],0,0,[],[],[]],[["0,9729,9729,33071,33071,0,0,1",-1],[0],0,[],[],[]],[[{"name":"yajna","rect":[0,0,640,480],"offset":[0,0],"originalSize":[640,480],"capInsets":[0,0,0,0]}],[1],0,[0],[0],[16]],[["0,9729,9729,33071,33071,0,0,1",-1],[0],0,[],[],[]],[["0,9729,9729,33071,33071,0,0,1",-1],[0],0,[],[],[]],[[[0,"फुल",".mp3",0.626939],-1],0,0,[],[],[]],[[[0,"जिराफ",".mp3",0.731429],-1],0,0,[],[],[]],[["0,9729,9729,33071,33071,0,0,1",-1],[0],0,[],[],[]],[[[0,"धरण",".mp3",1.097143],-1],0,0,[],[],[]],[[{"name":"jackfruit","rect":[0,0,640,460],"offset":[0,0],"originalSize":[640,460],"capInsets":[0,0,0,0]}],[1],0,[0],[0],[17]],[["0,9729,9729,33071,33071,0,0,1",-1],[0],0,[],[],[]],[["0,9729,9729,33071,33071,0,0,1",-1],[0],0,[],[],[]]]]