[1,["72qtDShYVAHZhCZ9mNGT0u","38cFJFGrRKiqxWu6Hw8mLN","47CN5gJZlNzYG5kEklIJuZ","a3WcQjZw1OjJ0vBIDkImbh","2d+Ny9WNtLOI0r6DDBLVzD"],["_textureSetter"],["cc.SpriteFrame","cc.Texture2D",["cc.AudioClip",["_name","_native","duration"],0],["cc.JsonAsset",["_name","json"],1]],[[2,0,1,2,4],[3,0,1,3]],[[[{"name":"4x50","rect":[0,0,2241,1166],"offset":[0,0],"originalSize":[2241,1166],"capInsets":[0,0,0,0]}],[0],0,[0],[0],[0]],[[{"name":"5x100","rect":[0,0,714,508],"offset":[0,0],"originalSize":[714,508],"capInsets":[0,0,0,0]}],[0],0,[0],[0],[1]],[["0,9729,9729,33071,33071,0,0,1",-1],[1],0,[],[],[]],[["0,9729,9729,33071,33071,0,0,1",-1],[1],0,[],[],[]],[[[0,"100_Leones",".mp3",1.906939],-1],0,0,[],[],[]],[["0,9729,9729,33071,33071,0,0,1",-1],[1],0,[],[],[]],[[[1,"sl_en3704",{"rows":[["createsentence","1","Description","Leones/500","600","5x100.png","500_Leones.mp3"],["createsentence","1","Description","Leones/40","30","4x10.png","40_Leones.mp3"],["createsentence","1","Description","200/Leones","300","4x50.png","200_Leones.mp3"],["createsentence","1","Description","100/Leones","150","2x50.png","100_Leones.mp3"],["createsentence","1","Description","200/Leones","500","2x100.png","200_Leones.mp3"],["quizliteracy","1","Description","image_word","Leones 500","Leones 100","Leones 50","Leones 500","5x100.png"],["quizliteracy","1","Description","image_word","Leones 40","Leones 40","Leones 50","Leones 30","4x10.png"],["quizliteracy","1","Description","image_word","200 Leones","100 Leones","200 Leones","20 Leones","2x100.png"]]}]],0,0,[],[],[]],[["0,9729,9729,33071,33071,0,0,1",-1],[1],0,[],[],[]],[[[0,"200_Leones",".mp3",1.880816],-1],0,0,[],[],[]],[[{"name":"2x50","rect":[0,0,1681,1094],"offset":[0,0],"originalSize":[1681,1094],"capInsets":[0,0,0,0]}],[0],0,[0],[0],[2]],[["0,9729,9729,33071,33071,0,0,1",-1],[1],0,[],[],[]],[[[0,"40_Leones",".mp3",1.880816],-1],0,0,[],[],[]],[[[0,"500_Leones",".mp3",1.854694],-1],0,0,[],[],[]],[[{"name":"4x10","rect":[0,0,2014,1003],"offset":[0,0],"originalSize":[2014,1003],"capInsets":[0,0,0,0]}],[0],0,[0],[0],[3]],[[{"name":"2x100","rect":[0,0,2732,1994],"offset":[0,0],"originalSize":[2732,1994],"capInsets":[0,0,0,0]}],[0],0,[0],[0],[4]]]]