[1,["6euDuaOq5ONJLpScKUHr7r","a1UU/2MyBKeY47ca+eAbDm","6a+qskym5AmZXNqJNfC6oG","66JtBxtMBCD7dA4aDgSF89","a88hd1wDVC9ayzWWRSwuuX","35s9fFHV1L+rLPI5CYpOLC","70MFWGA8ZD96E8TkFeUqr2","eeIPr5RppBsrJFHzcxyvyv","60mHUmv3pNv5lp2U7blk6P"],["_textureSetter"],["cc.SpriteFrame","cc.Texture2D",["cc.AudioClip",["_name","_native","duration"],0],["cc.JsonAsset",["_name","json"],1]],[[2,0,1,2,4],[3,0,1,3]],[[[{"name":"heavy_bundle","rect":[0,0,512,354],"offset":[0,0],"originalSize":[512,354],"capInsets":[0,0,0,0]}],[0],0,[0],[0],[0]],[[{"name":"light_bottle","rect":[0,0,512,512],"offset":[0,0],"originalSize":[512,512],"capInsets":[0,0,0,0]}],[0],0,[0],[0],[1]],[["0,9729,9729,33071,33071,0,0,1",-1],[1],0,[],[],[]],[[{"name":"heavy_bowl","rect":[0,0,512,433],"offset":[0,0],"originalSize":[512,433],"capInsets":[0,0,0,0]}],[0],0,[0],[0],[2]],[[{"name":"girl","rect":[0,0,433,512],"offset":[0,0],"originalSize":[433,512],"capInsets":[0,0,0,0]}],[0],0,[0],[0],[3]],[[[0,"light",".mp3",0.731429],-1],0,0,[],[],[]],[[{"name":"seesaw_down","rect":[0,0,502,512],"offset":[0,0],"originalSize":[502,512],"capInsets":[0,0,0,0]}],[0],0,[0],[0],[4]],[["0,9729,9729,33071,33071,0,0,1",-1],[1],0,[],[],[]],[["0,9729,9729,33071,33071,0,0,1",-1],[1],0,[],[],[]],[["0,9729,9729,33071,33071,0,0,1",-1],[1],0,[],[],[]],[["0,9729,9729,33071,33071,0,0,1",-1],[1],0,[],[],[]],[["0,9729,9729,33071,33071,0,0,1",-1],[1],0,[],[],[]],[["0,9729,9729,33071,33071,0,0,1",-1],[1],0,[],[],[]],[["0,9729,9729,33071,33071,0,0,1",-1],[1],0,[],[],[]],[[{"name":"light_woman","rect":[0,0,289,512],"offset":[0,0],"originalSize":[289,512],"capInsets":[0,0,0,0]}],[0],0,[0],[0],[5]],[[{"name":"light_basket","rect":[0,0,512,485],"offset":[0,0],"originalSize":[512,485],"capInsets":[0,0,0,0]}],[0],0,[0],[0],[6]],[[{"name":"10kg","rect":[0,0,512,446],"offset":[0,0],"originalSize":[512,446],"capInsets":[0,0,0,0]}],[0],0,[0],[0],[7]],[[[1,"sl_en3822",{"rows":[["openwindow1","1","Description","LEGIT","Light","light_bundle.png","heavy_bundle.png","light.mp3","abcdefghijklmnopqrstuvwxyz"],["openwindow1","1","Description","LEGIT","Heavy","heavy_basket.png","light_basket.png","heavy.mp3","abcdefghijklmnopqrstuvwxyz"],["openwindow1","1","Description","LEGIT","Heavy","heavy_bottle.png","light_bottle.png","heavy.mp3","abcdefghijklmnopqrstuvwxyz"],["openwindow1","1","Description","LEGIT","Light","5kg.png","10kg.png","light.mp3","abcdefghijklmnopqrstuvwxyz"],["openwindow1","1","Description","LEGIT","Light","light_bowl","heavy_bowl.png","light.mp3","abcdefghijklmnopqrstuvwxyz"],["openwindow1","1","Description","LEGIT","Heavy","heavy_woman.png","light_woman.png","heavy.mp3","abcdefghijklmnopqrstuvwxyz"],["openwindow1","1","Description","LEGIT","Light","seesaw_up.png","seesaw_down.png","light.mp3","abcdefghijklmnopqrstuvwxyz"],["openwindow1","1","Description","LEGIT","Heavy","seesawdown.png","seesawup.png","heavy.mp3","abcdefghijklmnopqrstuvwxyz"],["quizliteracy","1","Description","soundonly_image","light_bundle.png","light_bundle.png","heavy_bundle.png","2heavy_bundle.png","","","light.mp3"],["quizliteracy","1","Description","soundonly_image","heavy_woman.png","light_woman.png","heavy_woman.png","girl.png","","","heavy.mp3"],["quizliteracy","1","Description","soundonly_image","heavy_bottle.png","light_bottle.png","glass.png","heavy_bottle.png","","","heavy.mp3"]]}]],0,0,[],[],[]],[[{"name":"seesawup","rect":[0,0,424,512],"offset":[0,0],"originalSize":[424,512],"capInsets":[0,0,0,0]}],[0],0,[0],[0],[8]],[["0,9729,9729,33071,33071,0,0,1",-1],[1],0,[],[],[]],[[[0,"heavy",".mp3",0.574694],-1],0,0,[],[],[]]]]